Region,House,Sigil,Blazon,Seat,Words,Origin,Notes,Ancestral weapon
Westerlands,House Algood,https://awoiaf.westeros.org/index.php/File:House_Algood.svg,"A golden wreath on blue, a gold border",,,,,
Dorne,House Allyrion of Godsgrace,https://awoiaf.westeros.org/index.php/File:House_Allyrion.svg,A golden hand on gyronny red and black,Godsgrace,No Foe May Pass,,,
North,House Amber,https://awoiaf.westeros.org/index.php/File:None.svg,Unknown,,,,extinct before the Andal invasion,
Reach,House Ambrose,https://awoiaf.westeros.org/index.php/File:House_Ambrose.svg,A yellow field strewn with red ants,,Never Resting,,,
Iron Islands (Shield Islands),House Andrik of Southshield,https://awoiaf.westeros.org/index.php/File:None.svg,Unknown,Southshield,,Andrik the Unsmiling,,
Reach,House Appleton of Appleton,https://awoiaf.westeros.org/index.php/File:House_Appleton.svg,"Quarterly: An apple tree on yellow, a grey gatehouse on white",Appleton,,,,
Vale of Arryn,House Arryn of Gulltown,https://awoiaf.westeros.org/index.php/File:House_Arryn.svg,"A sky-blue falcon soaring against a white moon, on sky-blue",Gulltown,,Cadet of Arryn,,
Vale of Arryn,House Arryn,https://awoiaf.westeros.org/index.php/File:House_Arryn.svg,"A sky-blue falcon soaring against a white moon, on sky-blue",Eyrie,As High as Honor,Ser Artys Arryn,,
Reach,House Ashford of Ashford,https://awoiaf.westeros.org/index.php/File:House_Ashford.svg,A white sun-and-chevron on orange,Ashford,Our Sun Shines Bright,,,
North,House Ashwood,https://awoiaf.westeros.org/index.php/File:None.svg,Unknown,,,,,
Riverlands,House Baelish of Harrenhal,https://awoiaf.westeros.org/index.php/File:House_Baelish_(Harrenhal).svg,A field of silver mockingbirds on green,Harrenhal,,Petyr Baelish,,
Vale of Arryn,House Baelish of the Fingers,https://awoiaf.westeros.org/index.php/File:House_Baelish.svg,"A grey stone head with fiery eyes, upon a light green field",Drearfort,,Baelish,,
Reach,House Ball,https://awoiaf.westeros.org/index.php/File:House_Ball.svg,Three white plates upon a chevron red on a white field,,,Florys the Fox,,
Westerlands,House Banefort of Banefort,https://awoiaf.westeros.org/index.php/File:House_Banefort.svg,"A hooded man, black on grey, within a fiery tressure",Banefort,,Hooded Man,,
Crownlands (Dragonstone),House Bar Emmon of Sharp Point,https://awoiaf.westeros.org/index.php/File:House_Bar_Emmon.svg,A leaping blue swordfish on fretty silver on white,Sharp Point,,Togarion Bar Emmon,,
Crownlands (Dragonstone),House Baratheon of Dragonstone,https://awoiaf.westeros.org/index.php/File:House_Baratheon_(Dragonstone).svg,"On sun-yellow, a black crowned stag within a red heart surrounded by a blaze of orange fire",Dragonstone & Red Keep & Summerhall,,Stannis Baratheon,,
Crownlands,House Baratheon of King's Landing,https://awoiaf.westeros.org/index.php/File:House_Baratheon_(King%27s_Landing).svg,Per pale Baratheon and Lannister,Red Keep,,Robert I Baratheon,,"Widow's Wail (new, extant)"
Stormlands,House Baratheon of Storm's End,https://awoiaf.westeros.org/index.php/File:House_Baratheon.svg,A crowned stag black on a golden field,Storm's End,Ours is the Fury,Orys Baratheon,,
Reach,House Beesbury of Honeyholt,https://awoiaf.westeros.org/index.php/File:House_Beesbury.svg,Three yellow beehives on a black pale on a field paly black and yellow,Honeyholt,Beware Our Sting,Ellyn Ever Sweet,,
Unknown,House Belgrave,https://awoiaf.westeros.org/index.php/File:None.svg,Unknown,,,,,
Vale of Arryn,House Belmore of Strongsong,https://awoiaf.westeros.org/index.php/File:House_Belmore.svg,"Six silver bells on purple, 3-2-1",Strongsong,,,,
Westerlands,House Bettley,https://awoiaf.westeros.org/index.php/File:House_Bettley.svg,Three blue beetles on gold,,,,,
Riverlands,House Bigglestone,https://awoiaf.westeros.org/index.php/File:None.svg,Unknown,,,,,
Reach,House Blackbar of Bandallon,https://awoiaf.westeros.org/index.php/File:House_Blackbar.svg,A black fess on silver,Bandallon,,,,
Unknown,House Blackberry,https://awoiaf.westeros.org/index.php/File:None.svg,Unknown,,,,,
Crownlands,House Blackfyre,https://awoiaf.westeros.org/index.php/File:House_Blackfyre.svg,"A black three-headed dragon, breathing black fire on red",,,Daemon Blackfyre,extinct 260 AC,Blackfyre (lost)
Dorne,House Blackmont of Blackmont,https://awoiaf.westeros.org/index.php/File:House_Blackmont.svg,A black vulture with a pink infant in its claws on yellow,Blackmont,,,,
North (Crannogmen),House Blackmyre,https://awoiaf.westeros.org/index.php/File:None.svg,Unknown,,,,,
Iron Islands,House Blacktyde of Blacktyde,https://awoiaf.westeros.org/index.php/File:House_Blacktyde.svg,Vairy green and black,Blacktyde Castle,,Grey King,,
Riverlands; North (formerly),House Blackwood of Raventree Hall,https://awoiaf.westeros.org/index.php/File:House_Blackwood.svg,A flock of ravens on scarlet surrounding a dead weirwood upon a black escutcheon,Raventree Hall,,,,
Riverlands,House Blanetree,https://awoiaf.westeros.org/index.php/File:House_Blanetree.svg,"Maple leaves, green and brown, strewn on a field of yellow",,,,,
Crownlands,House Blount,https://awoiaf.westeros.org/index.php/File:House_Blount.svg,A red bend sinister between two black porcupines on green,,,,,
Crownlands (Crackclaw Point),House Boggs,https://awoiaf.westeros.org/index.php/File:None.svg,Unknown,,,,,
North (Crannogmen),House Boggs (north),https://awoiaf.westeros.org/index.php/File:None.svg,Unknown,,,,,
North (Wolfswood Clans),House Bole,https://awoiaf.westeros.org/index.php/File:None.svg,Unknown,,,,,
Stormlands,House Bolling,https://awoiaf.westeros.org/index.php/File:House_Bolling.svg,"Vairy orange and blue; upon a black canton, a golden stag beneath an orange bend sinister",,,,,
North,House Bolton of the Dreadfort,https://awoiaf.westeros.org/index.php/File:House_Bolton.svg,A red flayed man on pink de sang,Dreadfort,Our Blades Are Sharp,Red King,,
North,House Bolton of Winterfell,https://awoiaf.westeros.org/index.php/File:House_Bolton.svg,.A red flayed man on pink de sang,Winterfell,,Ramsay Snow,,
Vale of Arryn (Sistermen),House Borrell of Sweetsister,https://awoiaf.westeros.org/index.php/File:House_Borrell.svg,A white spider crab on grey-green,Breakwater,,,,
Iron Islands,House Botley of Lordsport,https://awoiaf.westeros.org/index.php/File:House_Botley.svg,A shoal of silver fish on pale green,Lordsport,,Grey King,,
Riverlands,House Bracken of Stone Hedge,https://awoiaf.westeros.org/index.php/File:House_Bracken.svg,A red stallion upon a golden escutcheon on brown,Stone Hedge,,,,
North (Wolfswood Clans),House Branch,https://awoiaf.westeros.org/index.php/File:None.svg,Unknown,,,,,
Westerlands,House Brax of Hornvale,https://awoiaf.westeros.org/index.php/File:House_Brax.svg,A purple unicorn on silver,Hornvale,,,,
Vale of Arryn,House Breakstone,https://awoiaf.westeros.org/index.php/File:None.svg,A red sledgehammer,,,,,
Dorne,House Briar,https://awoiaf.westeros.org/index.php/File:None_(Dorne).svg,Unknown,,,,probably extinct,
Reach,House Bridges,https://awoiaf.westeros.org/index.php/File:House_Bridges.svg,A black stone bridge with three arches upon a golden chief above three blue pallets on white,,,,,
Vale of Arryn,House Brightstone,https://awoiaf.westeros.org/index.php/File:None.svg,Unknown,,,,extinct after Andal invasion,
Dorne,House Brook,https://awoiaf.westeros.org/index.php/File:None_(Dorne).svg,Unknown,,,,probably extinct,
Westerlands,House Broom,https://awoiaf.westeros.org/index.php/File:House_Broom.svg,A silver helm crested with a sprig of broom on black and green checks,,,,,
Dorne,House Brownhill,https://awoiaf.westeros.org/index.php/File:None_(Dorne).svg,Unknown,,,,probably extinct,
Crownlands (Crackclaw Point),House Brune of Brownhollow,https://awoiaf.westeros.org/index.php/File:House_Brune_(Brownhollow).svg,"A bear paw, brown on white, within a double tressure brown",Brownhollow,,Presumably cadet of Brune of the Dyre Den,,
Crownlands (Crackclaw Point),House Brune of the Dyre Den,https://awoiaf.westeros.org/index.php/File:None.svg,Unknown,Dyre Den,,,,
Stormlands,House Buckler of Bronzegate,https://awoiaf.westeros.org/index.php/File:House_Buckler.svg,Three brass buckles on blue,Bronzegate,,,,
Crownlands,House Buckwell of the Antlers,https://awoiaf.westeros.org/index.php/File:House_Buckwell.svg,A rack of golden antlers on vair,Antlers,Pride and Purpose,,,
Reach,House Bulwer of Blackcrown,https://awoiaf.westeros.org/index.php/File:House_Bulwer.svg,"A bull's skull, bone on blood",Blackcrown,Death Before Disgrace,Bors the Breaker,,
North (Mountain Clans),House Burley,https://awoiaf.westeros.org/index.php/File:House_Burley.svg,A white knife in a blue pile on white,,,,,
Reach,House Bushy,https://awoiaf.westeros.org/index.php/File:House_Bushy.svg,A green fess embattled on white,,,,,
Riverlands,House Butterwell of Whitewalls,https://awoiaf.westeros.org/index.php/File:House_Butterwell.svg,"Undy green, white, and yellow",Whitewalls,,,,
Crownlands,House Byrch,https://awoiaf.westeros.org/index.php/File:House_Byrch.svg,"Quarterly, gyronny white and black, a silver axe on green",,,,,
Crownlands,House Bywater,https://awoiaf.westeros.org/index.php/File:House_Bywater.svg,"Fretty blue on white, three silver fish on a blue chief",,,,,
Stormlands,House Cafferen of Fawnton,https://awoiaf.westeros.org/index.php/File:House_Cafferen.svg,Two white fawns counter salient on green,Fawnton,,,,
Crownlands,House Cargyll,https://awoiaf.westeros.org/index.php/File:House_Cargyll.svg,A golden goose on bendy sinister black and red,,,,extinct after 209 AC,
Stormlands (Marcher Lords),House Caron of Nightsong,https://awoiaf.westeros.org/index.php/File:House_Caron.svg,A field of black nightingales on yellow,Nightsong,No Song So Sweet,,,
North,House Cassel,https://awoiaf.westeros.org/index.php/File:House_Cassel.svg,"Ten white wolf heads, 4-3-2-1, on grey with a black border",,,,,
Westerlands,House Casterly of Casterly Rock,https://awoiaf.westeros.org/index.php/File:None.svg,Unknown,Casterly Rock,,Corlos,extinct sometime during Age of Heroes,
Reach,House Caswell of Bitterbridge,https://awoiaf.westeros.org/index.php/File:House_Caswell.svg,A yellow centaur with bow on white,Bitterbridge,,,,
Crownlands (Crackclaw Point),House Cave,https://awoiaf.westeros.org/index.php/File:None.svg,Unknown,,,,,
Crownlands (Dragonstone),House Celtigar of Claw Isle,https://awoiaf.westeros.org/index.php/File:House_Celtigar.svg,Red crabs strewn on white,Claw Isle,,,,Valyrian steel axe (reputed)
North,House Cerwyn of Castle Cerwyn,https://awoiaf.westeros.org/index.php/File:House_Cerwyn.svg,A black battle-axe on silver,Castle Cerwyn,Honed and Ready,,,
Riverlands,House Chambers,https://awoiaf.westeros.org/index.php/File:None.svg,Unknown,,,,,
Riverlands,House Charlton,https://awoiaf.westeros.org/index.php/File:House_Charlton.svg,"Three sprigs of mistletoe, green and red, on gold within a green border",,,,,
Crownlands,House Chelsted,https://awoiaf.westeros.org/index.php/File:House_Chelsted.svg,"Per bend green and white, a crossed spiked mace and a silver dagger",,,,,
Reach (Shield Islands),House Chester of Greenshield,https://awoiaf.westeros.org/index.php/File:House_Chester.svg,"A green hand on a gold escutcheon on a green field, a border of red rayonne",Greenshield,,,,
Crownlands,House Chyttering,https://awoiaf.westeros.org/index.php/File:House_Chyttering.svg,Three golden bendlets enhanced on white,,,,,
Westerlands,House Clegane of Clegane's Keep,https://awoiaf.westeros.org/index.php/File:House_Clegane.svg,Three black dogs running on yellow,Clegane's Keep,,Clegane,,
Westerlands,House Clifton,https://awoiaf.westeros.org/index.php/File:None.svg,Unknown,,,,,
Reach,House Cobb,https://awoiaf.westeros.org/index.php/File:None.svg,Unknown,,,,,
Reach,House Cockshaw,https://awoiaf.westeros.org/index.php/File:House_Cockshaw.svg,"Three feathers, red, white and gold, on black",,,,,
Iron Islands,House Codd,https://awoiaf.westeros.org/index.php/File:House_Codd.svg,... a silver codfish,,Though All Men Do Despise Us,,,
Vale of Arryn,House Coldwater of Coldwater Burn,https://awoiaf.westeros.org/index.php/File:House_Coldwater.svg,A blue pall with white borders on red,Coldwater Burn,,,,
Stormlands,House Cole,https://awoiaf.westeros.org/index.php/File:House_Cole.svg,Ten black pellets on scarlet,,,,,
North,House Condon,https://awoiaf.westeros.org/index.php/File:House_Condon.svg,"An eagle's head between crossed tridents, red on white",,,,,
Reach,House Conklyn,https://awoiaf.westeros.org/index.php/File:None.svg,Unknown,,,,,
Stormlands,House Connington of Griffin's Roost,https://awoiaf.westeros.org/index.php/File:House_Connington.svg,Two griffins combatent countercharged on red and white,Griffin's Roost,,,,
Vale of Arryn,House Corbray of Heart's Home,https://awoiaf.westeros.org/index.php/File:House_Corbray.svg,"Three black ravens in flight holding three red hearts, on white",Heart's Home,,Ser Corwyn Corbray,,Lady Forlorn (extant)
Reach,House Cordwayner of Hammerhal,https://awoiaf.westeros.org/index.php/File:House_Cordwayner.svg,Black boots on field of green and gold diamonds,Hammerhal,,,,
Reach,House Costayne of the Three Towers,https://awoiaf.westeros.org/index.php/File:House_Costayne.svg,"Quartered: a silver chalice on black, a black rose on yellow",Three Towers,,,,
Riverlands,House Cox of Saltpans,https://awoiaf.westeros.org/index.php/File:None.svg,Unknown,Saltpans,,,,
Crownlands (Crackclaw Point),House Crabb of the Whispers,https://awoiaf.westeros.org/index.php/File:None.svg,Unknown,Whispers,,,,
Westerlands,House Crakehall of Crakehall,https://awoiaf.westeros.org/index.php/File:House_Crakehall.svg,A black and white brindled boar on brown,Crakehall,None so Fierce,Crake the Boarkiller,,
Reach,House Crane of Red Lake,https://awoiaf.westeros.org/index.php/File:House_Crane.svg,A vee of golden cranes on pale blue,Red Lake,,Rose of Red Lake,,
North (Crannogmen),House Cray,https://awoiaf.westeros.org/index.php/File:None.svg,Unknown,,,,,
Crownlands,House Cressey,https://awoiaf.westeros.org/index.php/File:House_Cressey.svg,"Seven silver coins upon a red bend sinister, between two helmets, silver on blue",,,,,
North (Skagosi Clans),House Crowl of Deepdown,https://awoiaf.westeros.org/index.php/File:House_Crowl.svg,Pily flame and black,Deepdown,,,,
Unknown,House Cupps,https://awoiaf.westeros.org/index.php/File:None.svg,Unknown,,,,,
Reach,House Cuy of Sunhouse,https://awoiaf.westeros.org/index.php/File:House_Cuy.svg,Six yellow flowers on blue,Sunhouse,,,,
Dorne,House Dalt of Lemonwood,https://awoiaf.westeros.org/index.php/File:House_Dalt.svg,Lemons strewn on purple,Lemonwood,,,,
Crownlands,House Dargood,https://awoiaf.westeros.org/index.php/File:None.svg,Unknown,,,Kin of Darklyn,,
Crownlands,House Darke,https://awoiaf.westeros.org/index.php/File:None.svg,Unknown,,,Kin of Darklyn,,
Crownlands,House Darklyn of Duskendale,https://awoiaf.westeros.org/index.php/File:House_Darklyn.svg,"Fusily black and gold, 7 white escutcheons upon a red tierce",Dun Fort,,Petty kings of Duskendale,extinct 277 AC,
Crownlands,House Darkwood,https://awoiaf.westeros.org/index.php/File:None.svg,Unknown,,,Kin of Darklyn,,
Riverlands,House Darry of Darry,https://awoiaf.westeros.org/index.php/File:House_Darry.svg,A black plowman on brown,Darry,,,,
Dorne,House Dayne of High Hermitage,https://awoiaf.westeros.org/index.php/File:None_(Dorne).svg,Unknown,High Hermitage,,Cadet of Dayne of Starfall,,
Dorne,House Dayne,https://awoiaf.westeros.org/index.php/File:House_Dayne.svg,A white sword and falling star crossed on lilac,Starfall,,King of the Torrentine,,Dawn
Riverlands,House Deddings,https://awoiaf.westeros.org/index.php/File:None.svg,Unknown,,,,,
Westerlands,House Doggett,https://awoiaf.westeros.org/index.php/File:House_Doggett.svg,"Per bend a white unicorn on green, a black raven on white",,,,,
Stormlands (Marcher Lords),House Dondarrion of Blackhaven,https://awoiaf.westeros.org/index.php/File:House_Dondarrion.svg,Forked purple lightning on black field speckled with 4-pointed stars,Blackhaven,,A messenger of the Storm King,,
Vale of Arryn,House Donniger,https://awoiaf.westeros.org/index.php/File:House_Donniger.svg,A red sun rising from a grey-green sea against a yellow sky,,,,,
Dorne,House Drinkwater,https://awoiaf.westeros.org/index.php/File:None_(Dorne).svg,Unknown,,,,,
Westerlands,House Drox,https://awoiaf.westeros.org/index.php/File:House_Drox.svg,"3 black crossbows, on gold, a black border",,,,,
Iron Islands,House Drumm of Old Wyk,https://awoiaf.westeros.org/index.php/File:House_Drumm.svg,"A bone hand, white on red",Old Wyk,,Grey King,,Red Rain (extant)
Dorne,House Dryland of Hellgate Hall,https://awoiaf.westeros.org/index.php/File:None_(Dorne).svg,Unknown,Hellgate Hall,,King of the Brimstone,extinct after Rhoynar migration,
Reach,House Dunn,https://awoiaf.westeros.org/index.php/File:Dunn.png,"Per pale black and pink, a countercharged two-headed pelican",,,,,
Stormlands,House Durrandon,https://awoiaf.westeros.org/index.php/File:House_Baratheon.svg,A crowned stag black on a golden field,Storm's End,Ours is the Fury,Durran Godsgrief,extinct 1 AC,
Reach,House Durwell,https://awoiaf.westeros.org/index.php/File:None.svg,Unknown,,,,,
North,House Dustin of Barrowton,https://awoiaf.westeros.org/index.php/File:House_Dustin.svg,"Two rusted longaxes with black shafts crossed, a black crown between their points, on yellow",Barrow Hall,,First King,,
Crownlands,House Edgerton,https://awoiaf.westeros.org/index.php/File:House_Edgerton.svg,"Quartered: black and white half-fusily, a wheel of flame on indigo",,,,,
Vale of Arryn,House Egen,https://awoiaf.westeros.org/index.php/File:House_Egen.svg,"Yellow sun, white crescent moon, and silver star on blue chief above white",,By Day or Night,,,
Vale of Arryn,House Elesham of the Paps,https://awoiaf.westeros.org/index.php/File:House_Elesham.svg,"A double pile inverted, stone on pink, a black mullet between",Paps,,,,
Riverlands,House Erenford,https://awoiaf.westeros.org/index.php/File:House_Erenford.svg,"A golden heron, beaked and gammed black, standing with a silver fish in its beak, on pink",,,,,
Stormlands,House Errol of Haystack Hall,https://awoiaf.westeros.org/index.php/File:House_Errol.svg,A yellow haystack on orange,Haystack Hall,,,,
Stormlands,House Estermont of Greenstone,https://awoiaf.westeros.org/index.php/File:House_Estermont.svg,A dark green sea turtle on pale green,Greenstone,,,,
Westerlands,House Estren of Wyndhall,https://awoiaf.westeros.org/index.php/File:House_Estren.svg,A green saltire between four red double-headed eagles on white,Wyndhall,,,,
Westerlands,House Falwell,https://awoiaf.westeros.org/index.php/File:House_Falwell.svg,A fool in red and gold motley juggling five suns on black,,,,,
Westerlands,House Farman of Faircastle,https://awoiaf.westeros.org/index.php/File:House_Farman.svg,"Three silver ships on blue, a border of crimson and gold",Faircastle,The Wind Our Steed,,,
Crownlands,House Farring,https://awoiaf.westeros.org/index.php/File:House_Farring.svg,"Per pale purple and white, two knights combatant with swords, counter-charged",,,,,
Unknown,House Farrow,https://awoiaf.westeros.org/index.php/File:None.svg,Unknown,,,,,
Iron Islands,House Farwynd,https://awoiaf.westeros.org/index.php/File:None.svg,Unknown,Sealskin Point,,Grey King,,
Iron Islands,House Farwynd of the Lonely Light,https://awoiaf.westeros.org/index.php/File:House_Farwynd_(Lonely_Light).svg,"Per fess: below a black sea with crested line, a black longship, outlined against the setting sun, dark red on orange",Lonely Light,,Cadet of Farwynd,,
Stormlands,House Fell of Felwood,https://awoiaf.westeros.org/index.php/File:House_Fell.svg,"Per fess, a white crescent moon in the first on black above a green field, a sprucetree line between",Felwood,,,,
North (Crannogmen),House Fenn,https://awoiaf.westeros.org/index.php/File:House_Fenn.svg,"3 black water lilies, on pale violet",,,,,
Westerlands,House Ferren,https://awoiaf.westeros.org/index.php/File:House_Ferren.svg,"Per saltire, red and gold checks, a silver and black ferret on green",,,,,
Riverlands,House Fisher of the Misty Isle,https://awoiaf.westeros.org/index.php/File:House_Fisher.svg,"A crowned catfish, spotted grey, on blue",Misty Isle,,,extinct,
North,House Fisher of the Stony Shore,https://awoiaf.westeros.org/index.php/File:None.svg,Unknown,Stony Shore,,,possibly extinct,
North,House Flint of Breakstone Hill,https://awoiaf.westeros.org/index.php/File:None.svg,Unknown,Breakstone Hill,,,possibly extinct,
North,House Flint of Flint's Finger,https://awoiaf.westeros.org/index.php/File:House_Flint_(Flint%27s_Finger).svg,A grey stone hand upon a white inverted pall on paly black and grey,Flint's Finger,,Cadet of Flint of the mountains,,
North (Mountain Clans),House Flint of the mountains,https://awoiaf.westeros.org/index.php/File:None.svg,Unknown,Northern mountains,,,,
North,House Flint of Widow's Watch,https://awoiaf.westeros.org/index.php/File:House_Flint_(Widow%27s_Watch).svg,"A blue field strewn with whitecaps, on a yellow chief with crested line a pair of blue eyes",Widow's Watch,Ever Vigilant,Cadet of Flint of the mountains,,
Reach,House Florent of Brightwater Keep,https://awoiaf.westeros.org/index.php/File:House_Florent.svg,A red-gold fox's head encircled by lapis lazuli flowers (on ermine),Brightwater Keep,,Florys the Fox,,
Crownlands,House Follard,https://awoiaf.westeros.org/index.php/File:House_Follard.svg,"Gyronny of twelve red and white; in a gold canton, a two-peaked fool's cap of red and white with silver bells",,None so Wise,,,
Westerlands,House Foote,https://awoiaf.westeros.org/index.php/File:House_Foote.svg,A copper dagger across a black chevron on white,,,,,
Stormlands (Marcher Lords),House Foote of Nightsong,https://awoiaf.westeros.org/index.php/File:None.svg,Unknown,Nightsong,,Philip Foote,,
Reach,House Footly of Tumbleton,https://awoiaf.westeros.org/index.php/File:House_Footly.svg,A field of silver caltrops on black,Tumbleton,Tread Lightly Here,,,
North (Wolfswood Clans),House Forrester,https://awoiaf.westeros.org/index.php/File:None.svg,Unknown,,,,,
Reach,House Fossoway of Cider Hall,https://awoiaf.westeros.org/index.php/File:House_Fossoway.svg,A red apple on gold,Cider Hall,A Taste of Glory,Foss the Archer,,
Reach,House Fossoway of New Barrel,https://awoiaf.westeros.org/index.php/File:House_Fossoway_(New_Barrel).svg,A green apple on gold,New Barrel,,Ser Raymun Fossoway,,
Dorne,House Fowler of Skyreach,https://awoiaf.westeros.org/index.php/File:House_Fowler.svg,A hooded blue hawk on silver,Skyreach,Let Me Soar,King of Stone and Sky,,
Riverlands,House Frey of Riverrun,https://awoiaf.westeros.org/index.php/File:None.svg,Unknown,Riverrun,,Emmon Frey,,
Riverlands,House Frey of the Crossing,https://awoiaf.westeros.org/index.php/File:House_Frey.svg,Two blue towers on silver-grey,Twins,,,,
North,House Frost,https://awoiaf.westeros.org/index.php/File:None.svg,Unknown,,,,extinct before the Andal invasion,
Reach,House Gardener of Highgarden,https://awoiaf.westeros.org/index.php/File:House_Gardener.svg,A green hand on white,Highgarden,,Garth the Gardener,extinct 1 AC,
Dorne,House Gargalen of Salt Shore,https://awoiaf.westeros.org/index.php/File:House_Gargalen.svg,A red cockatrice with black snake in beak on gold,Salt Shore,,,,
Westerlands,House Garner,https://awoiaf.westeros.org/index.php/File:House_Garner.svg,Three grey owls upon white plates on green,,,,,
Crownlands,House Gaunt,https://awoiaf.westeros.org/index.php/File:House_Gaunt.svg,"Three black lances upright on pink, between black flaunches",,,,,
North,House Glover of Deepwood Motte,https://awoiaf.westeros.org/index.php/File:House_Glover.svg,A silver fist on scarlet,Deepwood Motte,,,,
Riverlands,House Goodbrook,https://awoiaf.westeros.org/index.php/File:House_Goodbrook.svg,A blue wavy bend on gold,,,,,
Iron Islands,House Goodbrother of Corpse Lake,https://awoiaf.westeros.org/index.php/File:None.svg,Unknown,Corpse Lake,,Cadet of Goodbrother,,
Iron Islands,House Goodbrother of Crow Spike Keep,https://awoiaf.westeros.org/index.php/File:None.svg,Unknown,Crow Spike Keep,,Cadet of Goodbrother,,
Iron Islands,House Goodbrother of Downdelving,https://awoiaf.westeros.org/index.php/File:None.svg,Unknown,Downdelving,,Cadet of Goodbrother,,
Iron Islands,House Goodbrother of Orkmont,https://awoiaf.westeros.org/index.php/File:None.svg,Unknown,Orkmont,,Cadet of Goodbrother,,
Iron Islands,House Goodbrother of Shatterstone,https://awoiaf.westeros.org/index.php/File:None.svg,Unknown,Shatterstone,,Cadet of Goodbrother,,
Iron Islands,House Goodbrother,https://awoiaf.westeros.org/index.php/File:House_Goodbrother.svg,A gold-banded black warhorn on red,Hammerhorn,,Grey King's brother,,
Unknown,House Goode,https://awoiaf.westeros.org/index.php/File:None.svg,Unknown,,,,,
Stormlands,House Gower,https://awoiaf.westeros.org/index.php/File:House_Gower.svg,Nine yellow trefoils on a black cross on ermine,,,,,
Reach,House Graceford of Holyhall,https://awoiaf.westeros.org/index.php/File:House_Graceford.svg,The Mother's face upon white pale wavy dividing a brown field,Holyhall,Work Her Will,,,
Vale of Arryn,House Grafton of Gulltown,https://awoiaf.westeros.org/index.php/File:House_Grafton.svg,"A burning tower in yellow, within a black pile, upon flaming red",Gulltown,,Ser Gerold Grafton,,
Stormlands,House Grandison of Grandview,https://awoiaf.westeros.org/index.php/File:House_Grandison.svg,A black sleeping lion on yellow,Grandview,Rouse Me Not,,,
Reach,House Graves,https://awoiaf.westeros.org/index.php/File:House_Graves.svg,"Green and white gyronny, a double-headed eagle counter-charged, gold beak and talons",,,,,
Westerlands,House Greenfield of Greenfield,https://awoiaf.westeros.org/index.php/File:House_Greenfield.svg,A double tressure white on green,Greenfield,,,,
North (Crannogmen),House Greengood,https://awoiaf.westeros.org/index.php/File:None.svg,Unknown,,,,,
Unknown,House Greenhill,https://awoiaf.westeros.org/index.php/File:None.svg,Unknown,,,,,
North,House Greenwood,https://awoiaf.westeros.org/index.php/File:None.svg,Unknown,,,,extinct before the Andal invasion,
Riverlands,House Grell,https://awoiaf.westeros.org/index.php/File:House_Grell.svg,"Three red martlets on white bend, on blue",,,,,
Riverlands,House Grey,https://awoiaf.westeros.org/index.php/File:None.svg,Unknown,,,,,
Iron Islands,House Greyiron of Orkmont,https://awoiaf.westeros.org/index.php/File:Greyiron.png,"The sea king's head, white with dark green seaweed beard and hair, a black crown on a grey field",Orkmont,,Grey King,extinct after Andal invasion,
Iron Islands,House Greyjoy of Pyke,https://awoiaf.westeros.org/index.php/File:House_Greyjoy.svg,A golden kraken on black,Pyke,We Do Not Sow,Grey King,,
North,House Greystark of the Wolf's Den,https://awoiaf.westeros.org/index.php/File:None.svg,Unknown,Wolf's Den,,Cadet of Stark,extinct,
Reach (Shield Islands),House Grimm of Greyshield,https://awoiaf.westeros.org/index.php/File:House_Grimm.svg,An iron escutcheon with silver studs on a grey-green field strewn with longships proper,Grimston,,,,
Unknown,House Groves,https://awoiaf.westeros.org/index.php/File:None.svg,Unknown,,,,,
Riverlands,House Haigh,https://awoiaf.westeros.org/index.php/File:House_Haigh.svg,A black pitchfork on a golden bar sinister on russet,,,,,
Westerlands,House Hamell,https://awoiaf.westeros.org/index.php/File:House_Hamell.svg,"An erminois maunch on pink, an erminois border",,,,,
North (Mountain Clans),House Harclay,https://awoiaf.westeros.org/index.php/File:House_Harclay.svg,"3 blue moons, waxing, full, waning, on a white bend, on blue",,,,,
Crownlands (Crackclaw Point),House Hardy,https://awoiaf.westeros.org/index.php/File:None.svg,Unknown,,,,,
Vale of Arryn,House Hardyng,https://awoiaf.westeros.org/index.php/File:House_Hardyng.svg,A field of red and white diamonds,,,,,
Iron Islands (Shield Islands),House Harlaw of Grey Garden,https://awoiaf.westeros.org/index.php/File:House_Harlaw_(Grey_Garden).svg,"Quartered: a silver scythe on black, a peacock on cream",Grey Garden & Greyshield,,Cadet of Harlaw,,
Iron Islands,House Harlaw of Harlaw Hall,https://awoiaf.westeros.org/index.php/File:House_Harlaw_(Harlaw_Hall).svg,"Per bend black and silver, two scythes countercharged",Harlaw Hall,,Cadet of Harlaw,,
Iron Islands,House Harlaw of Harridan Hill,https://awoiaf.westeros.org/index.php/File:House_Harlaw_(Harridan_Hill).svg,A silver scythe on pale blue,Harridan Hill,,Cadet of Harlaw,,
Iron Islands,House Harlaw,https://awoiaf.westeros.org/index.php/File:House_Harlaw.svg,A silver scythe on black,Ten Towers,,Grey King,,Nightfall (extant)
Iron Islands,House Harlaw of the Tower of Glimmering,https://awoiaf.westeros.org/index.php/File:House_Harlaw_(Tower_of_Glimmering).svg,A silver scythe on black within an embattled silver border,Tower of Glimmering,,Cadet of Harlaw,,
Riverlands,House Harroway of Harrenhal,https://awoiaf.westeros.org/index.php/File:House_Harroway.svg,"Per bend sinister orange and black rayonne, a castle countercharged",Harrenhal,,,extinct 44 AC,
Crownlands,House Harte,https://awoiaf.westeros.org/index.php/File:House_Harte.svg,Three red hart's heads caboshed on a white bend on vair,,,,,
Reach,House Hastwyck,https://awoiaf.westeros.org/index.php/File:House_Hastwyck.svg,Barry olive and ivory,,None So Dutiful,,,
Stormlands,House Hasty,https://awoiaf.westeros.org/index.php/File:House_Hasty.svg,A white bend cotised on purple,,,,,
Riverlands,House Hawick of Saltpans,https://awoiaf.westeros.org/index.php/File:Hawick.png,White sea birds strewn on a blue field,Saltpans,,,,
Westerlands,House Hawthorne,https://awoiaf.westeros.org/index.php/File:House_Hawthorne.svg,"A ring of black thorns and a ring of pink flowers, interlocked, on green",,,,,
Crownlands,House Hayford of Hayford,https://awoiaf.westeros.org/index.php/File:House_Hayford.svg,"Green fretty over gold, a green pale wavy",Hayford,,,,
Riverlands,House Heddle,https://awoiaf.westeros.org/index.php/File:None.svg,Unknown,,,,,
Stormlands,House Herston,https://awoiaf.westeros.org/index.php/File:House_Herston.svg,"A yellow rooster's head with red comb, within a white escutcheon, on red",,,,,
Vale of Arryn,House Hersy of Newkeep,https://awoiaf.westeros.org/index.php/File:House_Hersy.svg,A white winged chalice on pink,Newkeep,,,,
Westerlands,House Hetherspoon,https://awoiaf.westeros.org/index.php/File:House_Hetherspoon.svg,An oak spoon within a white cartouche on orange and black lozengy,,,,,
Reach (Shield Islands),House Hewett of Oakenshield,https://awoiaf.westeros.org/index.php/File:House_Hewett.svg,"An oaken escutcheon studded with iron, a field bendy of undulating blue and white",Oakenshield Castle,,,,
Reach,House Hightower of the Hightower,https://awoiaf.westeros.org/index.php/File:House_Hightower.svg,A white tower crowned with flames on smoke grey,Hightower,We Light the Way,Uthor of the High Tower,,Vigilance (lost)
Iron Islands (origin); Riverlands,House Hoare of Orkmont,https://awoiaf.westeros.org/index.php/File:House_Hoare.svg,"Per saltire: two heavy silver chains crossing between (clockwise) a gold longship on black , a dark green pine on white, a cluster of red grapes on gold, and a black raven flying in a blue sky",Orkmont & Hoare Castle & Fairmarket & Harrenhall,,Grey King,extinct 2 BC,
Crownlands,House Hogg of Sow's Horn,https://awoiaf.westeros.org/index.php/File:None.svg,Unknown,Sow's Horn,,,,
Crownlands,House Hollard,https://awoiaf.westeros.org/index.php/File:House_Hollard.svg,"Barry red and pink, three golden crowns on a blue chief",,,,extinct 300 AC,
North,House Holt (north),https://awoiaf.westeros.org/index.php/File:None.svg,Unknown,,,,,
Dorne,House Holt (Dorne),https://awoiaf.westeros.org/index.php/File:None_(Dorne).svg,Unknown,,,,probably extinct,
Riverlands,House Hook,https://awoiaf.westeros.org/index.php/File:None.svg,Unknown,,,,extinct,
North,House Hornwood of Hornwood,https://awoiaf.westeros.org/index.php/File:House_Hornwood.svg,A brown bullmoose with black antlers on orange,Hornwood,Righteous in Wrath,,,
Stormlands,House Horpe,https://awoiaf.westeros.org/index.php/File:House_Horpe.svg,"Per chevron engrailed grey and bone, 3 deaths head moths countercharged",,,,,
Dorne,House Hull,https://awoiaf.westeros.org/index.php/File:None_(Dorne).svg,Unknown,,,,probably extinct,
Iron Islands,House Humble,https://awoiaf.westeros.org/index.php/File:None.svg,Unknown,,,,,
Reach,House Hunt,https://awoiaf.westeros.org/index.php/File:Hunt.png,"A brown deer, bound and slung on a pole, on white",,,,,
Vale of Arryn,House Hunter of Longbow Hall,https://awoiaf.westeros.org/index.php/File:House_Hunter.svg,"Five silver arrows, fanned, on brown",Longbow Hall,,,,
Reach,House Hutcheson,https://awoiaf.westeros.org/index.php/File:House_Hutcheson.svg,"Two red bendlets on gold, a red hand below pointing to a red sun above",,,,,
Reach,House Inchfield,https://awoiaf.westeros.org/index.php/File:House_Inchfield.svg,"A bend sinister, checked black and white, on pale grey",,,,,
Iron Islands,House Ironmaker,https://awoiaf.westeros.org/index.php/File:None.svg,Unknown,,,,,
North,House Ironsmith,https://awoiaf.westeros.org/index.php/File:House_Ironsmith.svg,"A black sword upright between four black horseshoes on gold, a grey-green border",,,,,
Westerlands,House Jast,https://awoiaf.westeros.org/index.php/File:House_Jast.svg,"An inverted pall between 3 lion's heads, yellow on black",,,,,
Dorne,House Jordayne of the Tor,https://awoiaf.westeros.org/index.php/File:House_Jordayne.svg,A golden quill on checkered dark and light green,Tor,Let It Be Written,,,
Riverlands,House Justman,https://awoiaf.westeros.org/index.php/File:House_Justman.svg,"Golden scales on white, a double tressure blue",,,Benedict I Justman,extinct some 300 years after Andal Invasion,
North,House Karstark of Karhold,https://awoiaf.westeros.org/index.php/File:House_Karstark.svg,A white sunburst on black,Karhold,The Sun of Winter,Karlon Stark,,
Riverlands,House Keath,https://awoiaf.westeros.org/index.php/File:House_Keath.svg,"Quarterly of nine: a white fish on grey, a golden fish hook on white",,,,,
Stormlands,House Kellington,https://awoiaf.westeros.org/index.php/File:House_Kellington.svg,"A black book bound in bronze, locked, upon a pale blue field",,,,,
Iron Islands,House Kenning of Harlaw,https://awoiaf.westeros.org/index.php/File:House_Kenning_(Harlaw).svg,"The storm god's cloudly hand, pale grey, yellow lightning flashing from the fingertips, on black",Harlaw,,Grey King,,
Westerlands,House Kenning of Kayce,https://awoiaf.westeros.org/index.php/File:House_Kenning_(Kayce).svg,Four sunbursts countercharged on quartered orange and black,Kayce,,Herrock Kenning,,
Crownlands,House Kettleblack,https://awoiaf.westeros.org/index.php/File:House_Kettleblack.svg,"A black kettle on red, within a black orle",,,,,
Reach,House Kidwell of Ivy Hall,https://awoiaf.westeros.org/index.php/File:House_Kidwell.svg,Pale green ivy bendy on black masonry,Ivy Hall,,,,
North (Mountain Clans),House Knott,https://awoiaf.westeros.org/index.php/File:House_Knott.svg,A brown fret on white,,,,,
Westerlands,House Kyndall,https://awoiaf.westeros.org/index.php/File:None.svg,Unknown,,,,,
Dorne,House Ladybright,https://awoiaf.westeros.org/index.php/File:None_(Dorne).svg,Unknown,,,,,
Dorne,House Lake (Dorne),https://awoiaf.westeros.org/index.php/File:None_(Dorne).svg,Unknown,,,,probably extinct,
North,House Lake (north),https://awoiaf.westeros.org/index.php/File:House_Lake_(North).svg,"7 pommes, 2-2-2-1, green on brown",,,,,
Crownlands,House Langward,https://awoiaf.westeros.org/index.php/File:House_Langward.svg,Per fess undy: A crown of white stars on burgundy above black,,,,,
Westerlands,House Lannett,https://awoiaf.westeros.org/index.php/File:None.svg,Unknown,,,Kin of Lannister,,
Westerlands,House Lannister,https://awoiaf.westeros.org/index.php/File:House_Lannister.svg,"A roaring lion, gold on crimson",Casterly Rock,Hear Me Roar!,Lann the Clever,,Brightroar (lost)
Riverlands,House Lannister of Darry,https://awoiaf.westeros.org/index.php/File:House_Lannister_(Darry).svg,Quartered: the lion of Lannister with the Darry plowman,Darry,,Lancel Lannister,,
Westerlands,House Lannister of Lannisport,https://awoiaf.westeros.org/index.php/File:None.svg,Unknown,Lannisport,,Cadet of Lannister,,
Westerlands,House Lanny,https://awoiaf.westeros.org/index.php/File:None.svg,Unknown,,,Kin of Lannister,,
Westerlands,House Lantell,https://awoiaf.westeros.org/index.php/File:None.svg,Unknown,,,Kin of Lannister,,
Unknown,House Leek,https://awoiaf.westeros.org/index.php/File:None.svg,Unknown,,,,,
Westerlands,House Lefford of the Golden Tooth,https://awoiaf.westeros.org/index.php/File:House_Lefford.svg,"A golden inverted pile on sky-blue, a yellow sun in the first",Golden Tooth,,,,
Reach,House Leygood,https://awoiaf.westeros.org/index.php/File:House_Leygood.svg,Three black thunderbolts on orange,,,,,
North (Mountain Clans),House Liddle,https://awoiaf.westeros.org/index.php/File:House_Liddle.svg,"Per pale white and green, a fir tree line between, three brown pinecones on the white",,,,,
North,House Lightfoot,https://awoiaf.westeros.org/index.php/File:House_Lightfoot.svg,"A line of white footprints in bend sinister, on dark brown",,,,,
Vale of Arryn,House Lipps,https://awoiaf.westeros.org/index.php/File:House_Lipps.svg,Two large pink lips on a dark blue field,,,,,
North,House Locke of Oldcastle,https://awoiaf.westeros.org/index.php/File:House_Locke.svg,Bronze crossed keys on a white pale on purple,Oldcastle,,,,
Riverlands,House Lolliston,https://awoiaf.westeros.org/index.php/File:House_Lolliston.svg,Three oaken barrels on white,,,,,
North,House Long,https://awoiaf.westeros.org/index.php/File:None.svg,Unknown,,,,,
Vale of Arryn (Sistermen),House Longthorpe of Longsister,https://awoiaf.westeros.org/index.php/File:None.svg,Unknown,Longsister,,,,
Crownlands,House Longwaters,https://awoiaf.westeros.org/index.php/File:None.svg,Unknown,,,Ser Longwaters,,
Stormlands,House Lonmouth,https://awoiaf.westeros.org/index.php/File:House_Lonmouth.svg,"Quartered of six: red lips strewn on yellow, yellow skulls strewn on black",,The Choice Is Yours,,,
Westerlands,House Lorch,https://awoiaf.westeros.org/index.php/File:House_Lorch.svg,"A black manticore on white, beneath a crimson chief with three gold coins",,,,,
Riverlands,House Lothston of Harrenhal,https://awoiaf.westeros.org/index.php/File:House_Lothston.svg,A black bat on per bend silver and gold,Harrenhal,,Lucas Lothston,extinct after 212 AC,
Reach,House Lowther,https://awoiaf.westeros.org/index.php/File:House_Lowther.svg,A silver dolphin on a blue-green field,,,,,
Reach,House Lyberr,https://awoiaf.westeros.org/index.php/File:House_Lyberr.svg,"Per bend sinister: a grey cat's face on black, a brown jug on white",,,,,
Riverlands,House Lychester,https://awoiaf.westeros.org/index.php/File:House_Lychester.svg,"Orange and white gyronny, a black talon",Castle Lychester,,,,
Westerlands,House Lydden of Deep Den,https://awoiaf.westeros.org/index.php/File:House_Lydden.svg,A white badger on per pale green and brown,Deep Den,,,,
Vale of Arryn,House Lynderly of Snakewood,https://awoiaf.westeros.org/index.php/File:House_Lynderly.svg,A black field strewn with wriggling green serpents,Snakewood,,,,
North (Skagosi Clans),House Magnar of Kingshouse,https://awoiaf.westeros.org/index.php/File:House_Magnar.svg,"A green lobster on white, its claws holding a black harpoon",Kingshouse,,,,
Crownlands,House Mallery,https://awoiaf.westeros.org/index.php/File:House_Mallery.svg,Six white mullets 3-2-1 on violet,,,,,
Riverlands,House Mallister of Seagard,https://awoiaf.westeros.org/index.php/File:House_Mallister.svg,A silver eagle displayed on indigo,Seagard,Above the Rest,,,
North; Reach (formerly),House Manderly of White Harbor,https://awoiaf.westeros.org/index.php/File:House_Manderly.svg,"A white merman with dark green hair, beard and tail, carrying a black trident, on a blue-green field",New Castle,,,,
Unknown,House Mandrake,https://awoiaf.westeros.org/index.php/File:None.svg,Unknown,,,,,
Crownlands,House Manning,https://awoiaf.westeros.org/index.php/File:House_Manning.svg,A red sea lion between two black pallets on white,,,,,
Dorne,House Manwoody of Kingsgrave,https://awoiaf.westeros.org/index.php/File:House_Manwoody.svg,A white skull crowned with gold on black,Kingsgrave,,,,
Westerlands,House Marbrand of Ashemark,https://awoiaf.westeros.org/index.php/File:House_Marbrand.svg,"A burning tree, orange on smoke",Ashemark,Burning Bright,,,
North,House Marsh,https://awoiaf.westeros.org/index.php/File:House_Marsh.svg,"10 frogs, 4-3-2-1, green on yellow",,,,,
Dorne,House Martell of Sunspear,https://awoiaf.westeros.org/index.php/File:House_Martell.svg,A red sun pierced by a golden spear on orange,Sandship & Sunspear,"Unbowed, Unbent, Unbroken",Morgan Martell,,
Crownlands,House Massey of Stonedance,https://awoiaf.westeros.org/index.php/File:House_Massey.svg,"A triple spiral; red, green and blue, on white",Stonedance,,Maldon Massey,,
Reach,House Meadows of Grassy Vale,https://awoiaf.westeros.org/index.php/File:House_Meadows.svg,A border of flowers of many colours and varieties on green,Grassfield Keep,,,,
Vale of Arryn,House Melcolm of Old Anchor,https://awoiaf.westeros.org/index.php/File:House_Melcolm.svg,A rusty anchor on turquoise beneath yellow chief with three blue plates,Old Anchor,,,,
Iron Islands,House Merlyn of Pebbleton,https://awoiaf.westeros.org/index.php/File:Merlyn.png,"Twining waterspouts, green on white",Pebbleton Tower,,Grey King,,
Reach,House Merryweather of Longtable,https://awoiaf.westeros.org/index.php/File:House_Merryweather.svg,"A golden horn of plenty spilling out apples, carrots, plums, onions, leeks, turnips, and fruits of many colors on a white field bordered in gold",Longtable,Behold Our Bounty,,,
Stormlands,House Mertyns of Mistwood,https://awoiaf.westeros.org/index.php/File:House_Mertyns.svg,A white great horned owl on grey,Mistwood,,,,
Reach,House Middlebury,https://awoiaf.westeros.org/index.php/File:House_Middlebury.svg,"Quarterly, a black saltire on yellow, green and white diamonds",,,,,
North,House Mollen,https://awoiaf.westeros.org/index.php/File:House_Mollen.svg,"A pine tree covered with snow in a pale green pile, on white",,,,,
Vale of Arryn,House Moore,https://awoiaf.westeros.org/index.php/File:House_Moore.svg,"Three bronze spearheads on white, a bronze border embattled",,,,,
Riverlands,House Mooton of Maidenpool,https://awoiaf.westeros.org/index.php/File:House_Mooton.svg,"A red salmon on white, a gold tressure",Maidenpool,Wisdom and Strength,,,
Westerlands,House Moreland,https://awoiaf.westeros.org/index.php/File:House_Moreland.svg,Per pale barry: russet and green,,,Pate the Plowman,,
North,House Mormont of Bear Island,https://awoiaf.westeros.org/index.php/File:House_Mormont.svg,A black bear in a green wood,Mormont Keep,Here We Stand,,,Longclaw (extant)
Stormlands,House Morrigen of Crow's Nest,https://awoiaf.westeros.org/index.php/File:House_Morrigen.svg,A black crow in flight on storm-green,Crow's Nest,,,,
North,House Moss,https://awoiaf.westeros.org/index.php/File:House_Moss.svg,A bend orange on vairy grey and green,,,,,
Riverlands,House Mudd of Oldstones,https://awoiaf.westeros.org/index.php/File:House_Mudd.svg,A golden crown studded with emeralds on a red-brown field,Oldstones,,,,
Reach,House Mullendore of Uplands,https://awoiaf.westeros.org/index.php/File:House_Mullendore.svg,Black-and-orange butterflies on white,Uplands,,,,
Stormlands,House Musgood,https://awoiaf.westeros.org/index.php/File:House_Musgood.svg,"Quarterly: A golden pavillion on blue, a green laurel crown on white",,,,,
Westerlands,House Myatt,https://awoiaf.westeros.org/index.php/File:House_Myatt.svg,"A spotted tree cat, yellow and black, on mud brown",,,,,
Iron Islands,House Myre of Harlaw,https://awoiaf.westeros.org/index.php/File:House_Myre.svg,"10 nooses, 4-3-2-1, black on white with a border of blood",Harlaw,,Grey King,,
Riverlands,House Nayland of Hag's Mire,https://awoiaf.westeros.org/index.php/File:None.svg,Unknown,Hag's Mire,,,,
Iron Islands,House Netley,https://awoiaf.westeros.org/index.php/File:None.svg,Unknown,,,,,
Reach,House Norcross,https://awoiaf.westeros.org/index.php/File:House_Norcross.svg,"A cross embattled, black on white",,,,,
North (Mountain Clans),House Norrey,https://awoiaf.westeros.org/index.php/File:House_Norrey.svg,"Six green thistles, 3-2-1, on yellow",,,,,
Reach,House Norridge,https://awoiaf.westeros.org/index.php/File:House_Norridge.svg,A flight of flaming arrows rising bendwise on a blue field,,,,,
Iron Islands (Shield Islands),House Nute of Oakenshield,https://awoiaf.westeros.org/index.php/File:None.svg,Unknown,Oakenshield,,Nute the Barber,,
Riverlands,House Nutt,https://awoiaf.westeros.org/index.php/File:None.svg,Unknown,,,,,
Reach,House Oakheart of Old Oak,https://awoiaf.westeros.org/index.php/File:House_Oakheart.svg,Three green oak leaves on gold,Old Oak,Our Roots Go Deep,John the Oak,,
Reach,House Oldflowers,https://awoiaf.westeros.org/index.php/File:House_Oldflowers.svg,"Ten white hands on green, 4-3-2-1, beneath a red bend sinister",,,,,
Iron Islands,House Orkwood of Orkmont,https://awoiaf.westeros.org/index.php/File:House_Orkwood.svg,Dark green pines strewn closely together on yellow,Orkmont,,Grey King,,
Reach,House Orme,https://awoiaf.westeros.org/index.php/File:House_Orme.svg,"Per fess: three golden harps on black, gold and silver bendy sinister",,,,,
Reach,House Osgrey of Leafy Lake,https://awoiaf.westeros.org/index.php/File:None.svg,Unknown,Leafy Lake,,Cadet of Osgrey of Standfast,extinct before 210 AC,
Reach,House Osgrey,https://awoiaf.westeros.org/index.php/File:House_Osgrey.svg,"A lion, checkered green and gold, on white",Standfast,,Marshall of the Northmarch,,
North,House Overton,https://awoiaf.westeros.org/index.php/File:House_Overton.svg,A checked silver and gold fess on black,,,,,
Riverlands,House Paege,https://awoiaf.westeros.org/index.php/File:House_Paege.svg,Twining red-and-white snakes on black,,,,,
Westerlands,House Parren,https://awoiaf.westeros.org/index.php/File:House_Parren.svg,"Per saltire: burgundy and white stripes, a black lion's head on gold",,,,extinct after 209 AC,
Westerlands,House Payne,https://awoiaf.westeros.org/index.php/File:House_Payne.svg,"Checkered purple and white, within each square a golden coin",,,,,
Reach,House Peake of Starpike,https://awoiaf.westeros.org/index.php/File:House_Peake.svg,Three black castles on orange,Starpike,,Florys the Fox,,
Stormlands,House Peasebury of Poddingfield,https://awoiaf.westeros.org/index.php/File:House_Peasebury.svg,"A pea pod burst open, green on white, bordered by three rows of green peas",Poddingfield,,,,
North (Crannogmen),House Peat,https://awoiaf.westeros.org/index.php/File:None.svg,Unknown,,,,,
Westerlands,House Peckledon,https://awoiaf.westeros.org/index.php/File:House_Peckledon.svg,"Ten mullets, 4-3-2-1, purple on yellow",,Unflinching,,,
Riverlands,House Pemford,https://awoiaf.westeros.org/index.php/File:None.svg,Unknown,,,,,
Unknown,House Penny,https://awoiaf.westeros.org/index.php/File:None.svg,Unknown,,,,,
Stormlands,House Penrose of Parchments,https://awoiaf.westeros.org/index.php/File:House_Penrose.svg,White crossed quills on russet,Parchments,Set Down Our Deeds,,,
Riverlands,House Perryn,https://awoiaf.westeros.org/index.php/File:None.svg,Unknown,,,,,
Riverlands,House Piper of Pinkmaiden,https://awoiaf.westeros.org/index.php/File:House_Piper.svg,"A dancing maiden pink in a swirl of white silk, on blue",Pinkmaiden Castle,Brave and Beautiful,,,
Westerlands,House Plumm,https://awoiaf.westeros.org/index.php/File:House_Plumm.svg,Three purple rondels on gold,,Come Try Me,,,
Reach,House Pommingham,https://awoiaf.westeros.org/index.php/File:House_Pommingham.svg,"A red pomegranate on white, a double tressure red",,,,,
North,House Poole,https://awoiaf.westeros.org/index.php/File:House_Poole.svg,"A blue plate on white, with a grey tressure",,,,,
Unknown,House Potter,https://awoiaf.westeros.org/index.php/File:None.svg,Unknown,,,,,
Westerlands,House Prester of Feastfires,https://awoiaf.westeros.org/index.php/File:House_Prester.svg,A red ox on ermine,Feastfires,Tireless,,,
Vale of Arryn,House Pryor of Pebble,https://awoiaf.westeros.org/index.php/File:House_Pryor.svg,"A partial eclipse, black moon over yellow sun, on dusty pink",Pebble,,,,
Crownlands,House Pyle,https://awoiaf.westeros.org/index.php/File:House_Pyle.svg,A grey iron greathelm on white,,,,,
Crownlands (Crackclaw Point),House Pyne,https://awoiaf.westeros.org/index.php/File:None.svg,Unknown,,,,,
Riverlands,House Qoherys of Harrenhal,https://awoiaf.westeros.org/index.php/File:House_Qoherys.svg,"A flaming saltire, red and yellow, between 4 white skulls, on black",Harrenhal,,Quenton Qoherys,extinct circa 37 AC,
Dorne,House Qorgyle of Sandstone,https://awoiaf.westeros.org/index.php/File:House_Qorgyle.svg,Three black scorpions on red,Sandstone,,,,
North (Crannogmen),House Quagg,https://awoiaf.westeros.org/index.php/File:None.svg,Unknown,,,,,
Crownlands,House Rambton,https://awoiaf.westeros.org/index.php/File:House_Rambton.svg,A white ram's head with golden horns on red,,,,,
North,House Redbeard,https://awoiaf.westeros.org/index.php/File:None.svg,Unknown,,,Gerrick Kingsblood,,
Reach,House Redding,https://awoiaf.westeros.org/index.php/File:House_Redding.svg,"A golden flagon on burgundy, a border of gold and white checks",,,,,
Vale of Arryn,House Redfort of Redfort,https://awoiaf.westeros.org/index.php/File:House_Redfort.svg,A red castle on a white field within a red embattled border,Redfort,As Strong as Stone,,,
Reach,House Redwyne of the Arbor,https://awoiaf.westeros.org/index.php/File:House_Redwyne.svg,A burgundy grape cluster on blue,Arbor,,Gilbert of the Vines,,
North (Crannogmen),House Reed of Greywater Watch,https://awoiaf.westeros.org/index.php/File:House_Reed.svg,A black lizard-lion on grey-green,Greywater Watch,,,,
Westerlands,House Reyne of Castamere,https://awoiaf.westeros.org/index.php/File:House_Reyne.svg,"A red lion rampant regardant with a forked tail, armed and langued gold, on silver",Castamere,,,extinct 261 AC,
Reach,House Rhysling,https://awoiaf.westeros.org/index.php/File:House_Rhysling.svg,"An oaken door banded with iron, in a grey stone doorway, on black masonry",,,,,
Reach,House Risley of Risley Glade,https://awoiaf.westeros.org/index.php/File:House_Risley.svg,"A black knight on a black rearing horse on white, bearing a golden lance and a white shield, upon which is seen the above in miniature",Risley Glade,,,,
Stormlands,House Rogers of Amberly,https://awoiaf.westeros.org/index.php/File:House_Rogers.svg,"Nine unicorns around a maze, silver on black",Amberly,,,,
Crownlands,House Rollingford,https://awoiaf.westeros.org/index.php/File:House_Rollingford.svg,"Six roundels fountain, 3-2-1, on grey",,,,,
Riverlands,House Roote of Lord Harroway's Town,https://awoiaf.westeros.org/index.php/File:House_Roote.svg,"A two-headed horse, brown, on a field of wavy green and green",Harroway Tower,,,,
Crownlands,House Rosby of Rosby,https://awoiaf.westeros.org/index.php/File:House_Rosby.svg,Three red chevronels on ermine,Rosby,,,,
Reach,House Rowan of Goldengrove,https://awoiaf.westeros.org/index.php/File:House_Rowan.svg,A golden tree on silver,Goldengrove,,Rowan Gold-Tree,,
Reach,House Roxton of the Ring,https://awoiaf.westeros.org/index.php/File:House_Roxton.svg,"A saltire of interlocked golden rings, upon a sky blue field",Ring,,,,Orphan-Maker (lost)
Vale of Arryn,House Royce,https://awoiaf.westeros.org/index.php/File:House_Royce.svg,"Black iron studs on bronze, bordered with <a href=""/index.php/Runes"" title=""Runes"">runes</a>",Runestone,We Remember,Bronze King,,Lamentation (lost)
Vale of Arryn,House Royce of the Gates of the Moon,https://awoiaf.westeros.org/index.php/File:House_Royce_(Moon).svg,A black portcullis over a white crescent moon on purple bordered with runes on bronze,Gates of the Moon,,Nestor Royce,,
Unknown,House Ruskyn,https://awoiaf.westeros.org/index.php/File:None.svg,Unknown,,,,,
Vale of Arryn,House Ruthermont,https://awoiaf.westeros.org/index.php/File:House_Ruthermont.svg,"Five black starfish on a gold pale, on pean",,,,,
Westerlands,House Ruttiger,https://awoiaf.westeros.org/index.php/File:House_Ruttiger.svg,An orange bend engrailed on black,,,,,
North,House Ryder of the Rills,https://awoiaf.westeros.org/index.php/File:None.svg,Unknown,Rills,,,possibly extinct,
Riverlands,House Ryger of Willow Wood,https://awoiaf.westeros.org/index.php/File:House_Ryger.svg,"A weeping willow, green on white",Willow Wood,,,,
Crownlands,House Rykker of Duskendale,https://awoiaf.westeros.org/index.php/File:House_Rykker.svg,Two black warhammers crossed on a white saltire on blue,Dun Fort,,,,
North,House Ryswell of the Rills,https://awoiaf.westeros.org/index.php/File:House_Ryswell.svg,"A black horse's head, eyes and mane red, on bronze within a black engrailed border",Rills,,,,
Iron Islands,House Saltcliffe of Saltcliffe,https://awoiaf.westeros.org/index.php/File:House_Saltcliffe.svg,"A nine-headed serpent, black on silver",Saltcliffe,,Grey King,,
Dorne,House Santagar of Spottswood,https://awoiaf.westeros.org/index.php/File:House_Santagar.svg,"Per bend sinister blue and white, a spotted leopard with golden axe",Spottswood,,,,
Westerlands,House Sarsfield of Sarsfield,https://awoiaf.westeros.org/index.php/File:House_Sarsfield.svg,A green arrow on white bend on green,Sarsfield,True to the Mark,,,
Unknown,House Sawyer,https://awoiaf.westeros.org/index.php/File:None.svg,Unknown,,,,,
Stormlands,House Seaworth of Cape Wrath,https://awoiaf.westeros.org/index.php/File:House_Seaworth.svg,"A black ship, an onion proper on its sail, on pale grey",Cape Wrath,,Davos Seaworth,,
Stormlands (Marcher Lords),House Selmy of Harvest Hall,https://awoiaf.westeros.org/index.php/File:House_Selmy.svg,Three stalks of yellow wheat on brown,Harvest Hall,,,,
Westerlands,House Serrett of Silverhill,https://awoiaf.westeros.org/index.php/File:House_Serrett.svg,A peacock in his pride on cream,Silverhill,I Have No Rival,,,
Reach (Shield Islands),House Serry of Southshield,https://awoiaf.westeros.org/index.php/File:House_Serry.svg,"A white rose upon a red escutcheon upon white, a red embattled border",Southshield,,,,
Iron Islands,House Sharp,https://awoiaf.westeros.org/index.php/File:None.svg,Unknown,,,,,
Riverlands,House Shawney,https://awoiaf.westeros.org/index.php/File:House_Shawney.svg,"Per fess: blue red green above, a white catfish on black below",,,,,
Vale of Arryn,House Shell (Vale),https://awoiaf.westeros.org/index.php/File:None.svg,Unknown,,,,extinct after Andal invasion,
Dorne,House Shell (Dorne),https://awoiaf.westeros.org/index.php/File:None_(Dorne).svg,Unknown,,,,probably extinct,
Iron Islands,House Shepherd,https://awoiaf.westeros.org/index.php/File:None.svg,Unknown,,,,,
Reach,House Shermer of Smithyton,https://awoiaf.westeros.org/index.php/File:House_Shermer.svg,"A field of copper nails on blue, a copper border rayonne",Smithyton,,,,
Vale of Arryn,House Shett of Gull Tower,https://awoiaf.westeros.org/index.php/File:House_Shett_(Gull_Tower).svg,"Three golden wings, bendwise, on checkered white and black",Gull Tower,,King of the True Men,,
Vale of Arryn,House Shett of Gulltown,https://awoiaf.westeros.org/index.php/File:House_Shett_(Gulltown).svg,Nine white seagulls on a field of brown,Gulltown,,,,
North,House Slate of Blackpool,https://awoiaf.westeros.org/index.php/File:House_Slate.svg,"Pale grey, a double tressure white",Blackpool,,,,
Reach,House Sloane,https://awoiaf.westeros.org/index.php/File:House_Sloane.svg,"Per pale, white stars strewn on indigo, an orange sun on yellow",,,,,
Crownlands (origin); Riverlands (deposed),House Slynt of Harrenhal,https://awoiaf.westeros.org/index.php/File:House_Slynt.svg,"A bloody spear, gold on black, with a border of checkered gold and black",Harrenhal,,Janos Slynt,,
Riverlands,House Smallwood of Acorn Hall,https://awoiaf.westeros.org/index.php/File:House_Smallwood.svg,"Six brown acorns, 3-2-1, on yellow",Acorn Hall,From These Beginnings,,,
Iron Islands,House Sparr of Great Wyk,https://awoiaf.westeros.org/index.php/File:House_Sparr.svg,Oak saltire on blue,Great Wyk,,Grey King,,
Westerlands,House Spicer of Castamere,https://awoiaf.westeros.org/index.php/File:House_Spicer.svg,"3 pepperpots on a saffron bend, upon green and silver stripes",Castamere,,A spice trader,,
Reach,House Stackhouse,https://awoiaf.westeros.org/index.php/File:None.svg,Unknown,,,,,
Westerlands,House Stackspear,https://awoiaf.westeros.org/index.php/File:House_Stackspear.svg,Crossed black spears on checkered silver and gold,,,,,
Stormlands,House Staedmon of Broad Arch,https://awoiaf.westeros.org/index.php/File:House_Staedmon.svg,A black dagger piercing a red heart on white de sang within an undulating red border,Broad Arch,,,,
North (Skagosi Clans),House Stane of Driftwood Hall,https://awoiaf.westeros.org/index.php/File:House_Stane.svg,"A driftwood tree, bare and brown, on pale green",Driftwood Hall,,,,
North,House Stark of Winterfell,https://awoiaf.westeros.org/index.php/File:House_Stark.svg,"A running grey direwolf, on an ice-white field",Winterfell,Winter is Coming,Bran the Builder,,Ice (split)
Crownlands,House Staunton of Rook's Rest,https://awoiaf.westeros.org/index.php/File:House_Staunton.svg,Two black wings upon a white fess on checkered black and grey,Rook's Rest,,,,
Crownlands,House Stokeworth of Stokeworth,https://awoiaf.westeros.org/index.php/File:House_Stokeworth.svg,A white lamb holding a golden goblet on green,Stokeworth,Proud to Be Faithful,,,
Iron Islands,House Stonehouse of Old Wyk,https://awoiaf.westeros.org/index.php/File:Stonehouse.png,A black brazier on a grey masonry field,Old Wyk,,Grey King,,
Iron Islands,House Stonetree of Harlaw,https://awoiaf.westeros.org/index.php/File:House_Stonetree.svg,"A bare stone tree, grey on black",Harlaw,,Grey King,,
North,House Stout of Goldgrass,https://awoiaf.westeros.org/index.php/File:House_Stout.svg,Chevrony russet and gold,Goldgrass,,,,
Unknown,House Strickland,https://awoiaf.westeros.org/index.php/File:None.svg,Unknown,,,,,
Riverlands,House Strong of Harrenhal,https://awoiaf.westeros.org/index.php/File:House_Strong.svg,"A tripartite pale blue, red, and green on white",Harrenhal,,,extinct 131 AC,
Unknown,House Suggs,https://awoiaf.westeros.org/index.php/File:House_Suggs.svg,"A flying pig, colors unknown",,,,,
Vale of Arryn (Sistermen),House Sunderland of the Three Sisters,https://awoiaf.westeros.org/index.php/File:House_Sunderland.svg,"Three women's heads, white with black hair, on blue and green undy",Three Sisters,,King of the Three Sisters,,
Iron Islands,House Sunderly of Saltcliffe,https://awoiaf.westeros.org/index.php/File:House_Sunderly.svg,"A drowned man, pink and pale, floating upright in a blue-green sea, his hair streaming upwards, as fish nibble at his limbs",Saltcliffe,,Grey King,,
Crownlands (Dragonstone),House Sunglass of Sweetport Sound,https://awoiaf.westeros.org/index.php/File:House_Sunglass.svg,Seven golden seven-pointed stars in a ring on white,Sweetport Sound,,,,
Stormlands (Marcher Lords),House Swann of Stonehelm,https://awoiaf.westeros.org/index.php/File:House_Swann.svg,"Battling swans black and white, beaks and feet golden, on per pale white and black",Stonehelm,,,,
Westerlands,House Swyft of Cornfield,https://awoiaf.westeros.org/index.php/File:House_Swyft.svg,A blue bantam rooster on yellow,Cornfield,Awake! Awake!,,,
Stormlands,House Swygert,https://awoiaf.westeros.org/index.php/File:House_Swygert.svg,"A white scroll with gold knobs on purple, a white tressure",,Truth Conquers,,,
North,House Tallhart of Torrhen's Square,https://awoiaf.westeros.org/index.php/File:House_Tallhart.svg,"Three sentinel trees, green on brown",Torrhen's Square,Proud and Free,,,
Westerlands,House Tarbeck of Tarbeck Hall,https://awoiaf.westeros.org/index.php/File:House_Tarbeck.svg,"A 7-pointed star, countercharged, on gyronny silver and blue",Tarbeck Hall,,,extinct 261 AC,
Crownlands,House Targaryen of King's Landing,https://awoiaf.westeros.org/index.php/File:House_Targaryen.svg,"A red three-headed dragon, breathing flame on black",Dragonstone,Fire and Blood,Valyrian dragonlords & Aenar Targaryen,,Blackfyre (lost) & Dark Sister (lost)
Reach,House Tarly of Horn Hill,https://awoiaf.westeros.org/index.php/File:House_Tarly.svg,A striding red huntsman on green,Horn Hill,First in Battle,"<a href=""/index.php/Harlon_the_Hunter"" title=""Harlon the Hunter""Harlon the Hunter and Herndon of the Horn",,Heartsbane (extant)
Stormlands,House Tarth of Evenfall Hall,https://awoiaf.westeros.org/index.php/File:House_Tarth.svg,Quartered: yellow suns and white crescents on rose and azure,Evenfall Hall,,,,"Oathkeeper (new, extant)"
Iron Islands,House Tawney of Orkmont,https://awoiaf.westeros.org/index.php/File:Tawney.png,"A scourge of nettles, red and black, on white",Orkmont,,Grey King,,
Riverlands,House Teague,https://awoiaf.westeros.org/index.php/File:House_Teague.svg,A golden trident upright on black between two golden flanches,,,Torrence Teague,extinct circa 350 BC,
Vale of Arryn,House Templeton of Ninestars,https://awoiaf.westeros.org/index.php/File:House_Templeton.svg,"Nine stars, one of 7 points and the rest of 6 points, upon a gold saltire on black",Ninestars,,,,
Riverlands,House Terrick,https://awoiaf.westeros.org/index.php/File:House_Terrick.svg,"Per saltire purple and gold, four hawks' heads countercharged",,,,,
North,House Thenn,https://awoiaf.westeros.org/index.php/File:House_Thenn.svg,"A bronze disk on a field of white, surrounded by flames made with wisps of crimson",,,Sigorn Thenn,,
Crownlands,House Thorne,https://awoiaf.westeros.org/index.php/File:House_Thorne.svg,A silver flail on red within a black border rayonne,,,,,
Dorne,House Toland of Ghost Hill,https://awoiaf.westeros.org/index.php/File:House_Toland.svg,A green dragon biting its tail on gold,Ghost Hill,,,,
Vale of Arryn,House Tollett of the Grey Glen,https://awoiaf.westeros.org/index.php/File:House_Tollett.svg,Pily grey and black,Grey Glen,When All is Darkest,,,
Vale of Arryn (Sistermen),House Torrent of Littlesister,https://awoiaf.westeros.org/index.php/File:None.svg,Unknown,Littlesister,,,,
North,House Towers (north),https://awoiaf.westeros.org/index.php/File:None.svg,Unknown,,,,extinct before the Andal invasion,
Riverlands,House Towers of Harrenhal,https://awoiaf.westeros.org/index.php/File:House_Towers_(Harrenhal).svg,"Five black towers on white, a double tressure red and black",Harrenhal,,Walton Towers,extinct 61 AC,
Stormlands,House Toyne,https://awoiaf.westeros.org/index.php/File:House_Toyne.svg,"A winged heart, black on gold, within a black bordure embattled",,"Fly High, Fly Far",,extinct 296 AC,
Stormlands,House Trant of Gallowsgrey,https://awoiaf.westeros.org/index.php/File:House_Trant.svg,"A hanged man, black on blue",Gallowsgrey,So End Our Foes,,,
Stormlands,House Tudbury,https://awoiaf.westeros.org/index.php/File:House_Tudbury.svg,A brown tortoise within a yellow lozenge on green,,,,,
Riverlands,House Tully of Riverrun,https://awoiaf.westeros.org/index.php/File:House_Tully.svg,"a leaping trout, silver, against a rippling blue-and-red field",Riverrun,"Family, Duty, Honor",Edmure Tully,,
Westerlands,House Turnberry,https://awoiaf.westeros.org/index.php/File:House_Turnberry.svg,"9 strawberries on a white saltire, on green and red vairy in point",,,,,
Reach,House Tyrell of Brightwater Keep,https://awoiaf.westeros.org/index.php/File:House_Tyrell_(Garlan).svg,Two golden roses on green,Brightwater Keep,,Garlan Tyrell,,
Reach,House Tyrell of Highgarden,https://awoiaf.westeros.org/index.php/File:House_Tyrell.svg,A golden rose on green,Highgarden,Growing Strong,Ser Alester Tyrell,,
Reach,House Uffering,https://awoiaf.westeros.org/index.php/File:House_Uffering.svg,"Oak and iron paly, beneath a white chief with seven green hands",,,,,
Dorne,House Uller of the Hellholt,https://awoiaf.westeros.org/index.php/File:House_Uller.svg,Rayonne yellow over crimson,Hellholt,,,,
North,House Umber of the Last Hearth,https://awoiaf.westeros.org/index.php/File:House_Umber.svg,"A roaring giant, brown-haired and wearing a skin, with broken silver chains, on flame-red",Last Hearth,,,,
Vale of Arryn,House Upcliff of the Witch Isle,https://awoiaf.westeros.org/index.php/File:House_Upcliff.svg,"A cresting wave, sea green on black",Witch Isle,,,,
Dorne,House Vaith of the Red Dunes,https://awoiaf.westeros.org/index.php/File:House_Vaith.svg,Three black leopards standing on a yellow pile on orange,Vaith,,,,
Riverlands,House Vance of Atranta,https://awoiaf.westeros.org/index.php/File:House_Vance_(Atranta).svg,"Quartered: a green dragon on white, a white tower on black",Atranta,,Armistead Vance,,
Riverlands,House Vance of Wayfarer's Rest,https://awoiaf.westeros.org/index.php/File:House_Vance_(Wayfarer%27s_Rest).svg,"Quartered: a black dragon on white, two golden eyes in a golden ring on black",Wayfarer's Rest,,Armistead Vance,,
Reach,House Varner,https://awoiaf.westeros.org/index.php/File:House_Varner.svg,A white weasel on ermines,,,,,
Crownlands (Dragonstone),House Velaryon of Driftmark,https://awoiaf.westeros.org/index.php/File:House_Velaryon.svg,A silver seahorse on sea green,Driftmark (castle) & High Tide,"The Old, the True, the Brave",,,
Westerlands,House Vikary,https://awoiaf.westeros.org/index.php/File:House_Vikary.svg,"Quarterly: A red boar's head on white, beneath a gold bend sinister a silver lion rampant regardant with a forked tail, armed and langued gold, on red",,,,,
Iron Islands (Shield Islands),House Volmark of Volmark,https://awoiaf.westeros.org/index.php/File:House_Volmark.svg,A black leviathan on a grey sea,Volmark & Greenshield,,Grey King,,
Riverlands,House Vypren,https://awoiaf.westeros.org/index.php/File:House_Vypren.svg,"A black toad on white lily pad, on green",,,,,
Reach,House Vyrwel of Darkdell,https://awoiaf.westeros.org/index.php/File:House_Vyrwel.svg,A silver wyvern within a red double tressure on sable,Darkdell,,,,
Dorne,House Wade,https://awoiaf.westeros.org/index.php/File:None_(Dorne).svg,Unknown,,,,probably extinct,
Stormlands,House Wagstaff,https://awoiaf.westeros.org/index.php/File:House_Wagstaff.svg,Five yellow mascles on green,,,,,
Unknown,House Warrick,https://awoiaf.westeros.org/index.php/File:None.svg,Unknown,,,,,
North,House Waterman,https://awoiaf.westeros.org/index.php/File:House_Waterman.svg,"Brown crossed oars on white, between a pair of blue flaunches",,,,,
Vale of Arryn,House Waxley of Wickenden,https://awoiaf.westeros.org/index.php/File:House_Waxley.svg,"Six candles, white with red flames, within silver candle holders on a grey field bordered in black",Wickenden,Light in Darkness,,,
Riverlands,House Wayn,https://awoiaf.westeros.org/index.php/File:House_Wayn.svg,Four wheels countercharged on quartered field blue and white,,,,,
Vale of Arryn,House Waynwood of Ironoaks,https://awoiaf.westeros.org/index.php/File:House_Waynwood.svg,A black broken wheel on green,Ironoaks,,,,
Unknown,House Weatherwax,https://awoiaf.westeros.org/index.php/File:None.svg,Unknown,,,,,
Iron Islands,House Weaver,https://awoiaf.westeros.org/index.php/File:None.svg,Unknown,,,,,
Reach,House Webber of Coldmoat,https://awoiaf.westeros.org/index.php/File:House_Webber.svg,A white and red spider upon a silver web over black,Coldmoat,,,,
Dorne,House Wells (Dorne),https://awoiaf.westeros.org/index.php/File:None_(Dorne).svg,Unknown,,,,,
North,House Wells (north),https://awoiaf.westeros.org/index.php/File:House_Wells_(North).svg,Per fess: five black roundels on grey over green and white lozengy,,,,,
Crownlands,House Wendwater,https://awoiaf.westeros.org/index.php/File:House_Wendwater.svg,"A green engrailed pall, inverted on white, dividing three trees, green, red and bare",,For All Seasons,,,
Stormlands,House Wensington,https://awoiaf.westeros.org/index.php/File:House_Wensington.svg,"Two golden trumpets crossed on blue, a gold chief with three black stags",,Sound the Charge,,,
Reach,House Westbrook,https://awoiaf.westeros.org/index.php/File:House_Westbrook.svg,Two green bars gemmel on gold,,,,,
Westerlands,House Westerling of the Crag,https://awoiaf.westeros.org/index.php/File:House_Westerling.svg,Six white seashells on sand,Crag,"Honor, not Honors",,,
Unknown,House Whitfield,https://awoiaf.westeros.org/index.php/File:None.svg,Unknown,,,,,
Riverlands,House Whent of Harrenhal,https://awoiaf.westeros.org/index.php/File:House_Whent.svg,"Nine black bats, 4-3-2, on yellow",Harrenhal,,,,
Stormlands,House Whitehead of the Weeping Town,https://awoiaf.westeros.org/index.php/File:None.svg,Unknown,Weeping Town,,,,
North,House Whitehill of Highpoint,https://awoiaf.westeros.org/index.php/File:House_Whitehill.svg,"A white pile inverted on indigo, an arch of 4-pointed stars above",Highpoint,,,,
Reach,House Willum,https://awoiaf.westeros.org/index.php/File:House_Willum.svg,3 silver longswords crossed on black beneath a dragonbone skeleton on a white chief,,,,,
Riverlands,House Wode,https://awoiaf.westeros.org/index.php/File:House_Wode.svg,Three white hedgehogs on yellow,,Touch Me Not,,,
North,House Woodfoot of Bear Island,https://awoiaf.westeros.org/index.php/File:None.svg,Unknown,Bear Island,,,extinct during ironborn conquest of Bear Island,
Vale of Arryn,House Woodhull,https://awoiaf.westeros.org/index.php/File:None.svg,Unknown,,,,,
North (Wolfswood Clans),House Woods,https://awoiaf.westeros.org/index.php/File:None.svg,Unknown,,,,,
Reach,House Woodwright,https://awoiaf.westeros.org/index.php/File:House_Woodwright.svg,A red pall on a field of oak,,,,,
North,House Woolfield,https://awoiaf.westeros.org/index.php/File:House_Woolfield.svg,"Three woolsacks, white on purple, a white border",,,,,
North (Mountain Clans),House Wull,https://awoiaf.westeros.org/index.php/File:House_Wull.svg,"Three wooden buckets, brown on blue, with a border of grey and white checks",,,,,
Vale of Arryn,House Wydman,https://awoiaf.westeros.org/index.php/File:House_Wydman.svg,"5 splintered lances, 3-2, striped blue and white with blue pennons, on yellow, beneath a white chief bearing a red castle, a green viper, a black broken wheel, a purple unicorn and a golden lion",,Right Conquers Might,A tourney champion,,
Dorne,House Wyl of the Boneway,https://awoiaf.westeros.org/index.php/File:WylCoA.png,A black adder biting a heel on yellow,Wyl (castle),,,,
Stormlands,House Wylde of Rain House,https://awoiaf.westeros.org/index.php/File:House_Wylde.svg,A blue-green maelstrom on gold,Rain House,,,,
Iron Islands,House Wynch of Iron Holt,https://awoiaf.westeros.org/index.php/File:House_Wynch.svg,bloody moon on purple,Iron Holt,,Grey King,,
Reach,House Wythers,https://awoiaf.westeros.org/index.php/File:House_Wythers.svg,A grey squirrel on white with red border,,,,,
Westerlands,House Yarwyck,https://awoiaf.westeros.org/index.php/File:House_Yarwyck.svg,"2 bronze halberds crossed between 4 red diamonds, on white",,,,,
Reach,House Yelshire,https://awoiaf.westeros.org/index.php/File:House_Yelshire.svg,"Barry green and gold, a black battering ram with a gold head on a black chief",,,,,
Westerlands,House Yew,https://awoiaf.westeros.org/index.php/File:House_Yew.svg,A golden longbow on white between two crimson flaunches,,,Alan o' the Oak,,
Dorne,House Yronwood of Yronwood,https://awoiaf.westeros.org/index.php/File:House_Yronwood.svg,A black portcullis grill over sand,Yronwood,We Guard the Way,High King of Dorne,,
